,index,0
0,PSNR,22.07120274862007
1,SSIM,0.7302978571528642
2,LPIPS,0.29862590034802755
