,index,0
0,NIQE,3.5269297316953114
1,BRISQUE,10.37071533203125
2,ILNIQE,24.478066778199512
